gain,delay,p_mix,phase,phase_code,max_jerk,min_jerk,jerk_span,mean_abs_jerk,final_variance
1.0,0,0.2,RECOVERABLE,1,0.009883,-0.008086,0.017969,0.003537,0.002366
1.02,0,0.2,RECOVERABLE,1,0.021526,-0.017729,0.039255,0.005647,0.004503
1.04,0,0.2,IRRECOVERABLE,3,0.11223,-0.063295,0.175525,0.013355,0.080878
1.06,0,0.2,IRRECOVERABLE,3,0.604774,-0.313353,0.918127,0.050566,1.038204
1.08,0,0.2,IRRECOVERABLE,3,3.25371,-2.230689,5.4844,0.272375,10.661112
1.0,1,0.2,RECOVERABLE,1,0.009883,-0.008086,0.017969,0.003537,0.002366
1.02,1,0.2,RECOVERABLE,1,0.021526,-0.017729,0.039255,0.005647,0.004503
1.04,1,0.2,IRRECOVERABLE,3,0.11223,-0.063295,0.175525,0.013355,0.080878
1.06,1,0.2,IRRECOVERABLE,3,0.604774,-0.313353,0.918127,0.050566,1.038204
1.08,1,0.2,IRRECOVERABLE,3,3.25371,-2.230689,5.4844,0.272375,10.661112
1.0,2,0.2,RECOVERABLE,1,0.015819,-0.013181,0.029,0.006215,0.035231
1.02,2,0.2,IRRECOVERABLE,3,0.034861,-0.024374,0.059235,0.011195,0.141844
1.04,2,0.2,IRRECOVERABLE,3,0.213121,-0.121636,0.334756,0.027541,0.872161
1.06,2,0.2,IRRECOVERABLE,3,1.718295,-0.921982,2.640277,0.10412,6.688335
1.08,2,0.2,IRRECOVERABLE,3,14.712793,-7.7978,22.510594,0.586552,55.546232
1.0,3,0.2,RECOVERABLE,1,0.024422,-0.017451,0.041873,0.00659,0.015108
1.02,3,0.2,IRRECOVERABLE,3,0.045967,-0.028421,0.074388,0.010995,0.097476
1.04,3,0.2,IRRECOVERABLE,3,0.154282,-0.093641,0.247923,0.027895,0.806692
1.06,3,0.2,IRRECOVERABLE,3,0.934553,-0.484501,1.419054,0.120222,7.089642
1.08,3,0.2,IRRECOVERABLE,3,6.497066,-3.38098,9.878046,0.697305,62.271721
1.0,4,0.2,RECOVERABLE,1,0.019404,-0.017662,0.037066,0.00549,0.020314
1.02,4,0.2,IRRECOVERABLE,3,0.053552,-0.037119,0.090672,0.010964,0.100945
1.04,4,0.2,IRRECOVERABLE,3,0.222344,-0.139433,0.361777,0.02992,0.824499
1.06,4,0.2,IRRECOVERABLE,3,1.158501,-0.672306,1.830808,0.113028,7.65414
1.08,4,0.2,IRRECOVERABLE,3,6.610323,-3.67564,10.285963,0.537658,70.91066
1.0,5,0.2,RECOVERABLE,1,0.012052,-0.014147,0.0262,0.006239,0.026042
1.02,5,0.2,IRRECOVERABLE,3,0.037068,-0.037077,0.074145,0.012507,0.15961
1.04,5,0.2,IRRECOVERABLE,3,0.152871,-0.113927,0.266798,0.031812,1.367487
1.06,5,0.2,IRRECOVERABLE,3,0.712567,-0.444704,1.157271,0.10316,12.41903
1.08,5,0.2,IRRECOVERABLE,3,4.332007,-2.408776,6.740784,0.418017,111.305373
1.0,6,0.2,RECOVERABLE,1,0.015122,-0.018072,0.033194,0.005835,0.019812
1.02,6,0.2,IRRECOVERABLE,3,0.040427,-0.035341,0.075768,0.012068,0.11392
1.04,6,0.2,IRRECOVERABLE,3,0.153019,-0.093037,0.246056,0.031155,1.112569
1.06,6,0.2,IRRECOVERABLE,3,0.712571,-0.360003,1.072574,0.098337,11.089955
1.08,6,0.2,IRRECOVERABLE,3,4.246121,-2.041351,6.287471,0.376689,104.745334
1.0,7,0.2,RECOVERABLE,1,0.022279,-0.015218,0.037498,0.007424,0.017873
1.02,7,0.2,IRRECOVERABLE,3,0.061312,-0.042918,0.104229,0.015013,0.126512
1.04,7,0.2,IRRECOVERABLE,3,0.603783,-0.322377,0.92616,0.050639,1.231311
1.06,7,0.2,IRRECOVERABLE,3,5.455833,-2.831112,8.286945,0.281555,11.96739
1.08,7,0.2,IRRECOVERABLE,3,45.666447,-24.320195,69.986642,1.952101,111.129304
1.0,8,0.2,RECOVERABLE,1,0.016761,-0.014414,0.031174,0.005553,0.020053
1.02,8,0.2,IRRECOVERABLE,3,0.041361,-0.042853,0.084214,0.010119,0.157781
1.04,8,0.2,IRRECOVERABLE,3,0.117253,-0.121785,0.239038,0.019747,1.597821
1.06,8,0.2,IRRECOVERABLE,3,0.342362,-0.325429,0.66779,0.042367,15.426415
1.08,8,0.2,IRRECOVERABLE,3,1.206128,-0.602445,1.808573,0.107258,141.313052
1.0,9,0.2,RECOVERABLE,1,0.014171,-0.015057,0.029228,0.006199,0.031799
1.02,9,0.2,IRRECOVERABLE,3,0.038957,-0.034573,0.07353,0.012105,0.202667
1.04,9,0.2,IRRECOVERABLE,3,0.205699,-0.14995,0.355648,0.033705,1.735026
1.06,9,0.2,IRRECOVERABLE,3,1.621004,-0.963472,2.584476,0.139446,15.757302
1.08,9,0.2,IRRECOVERABLE,3,13.190547,-7.180457,20.371003,0.762145,141.630724
1.0,10,0.2,RECOVERABLE,1,0.016597,-0.012729,0.029326,0.006273,0.038484
1.02,10,0.2,IRRECOVERABLE,3,0.032489,-0.026317,0.058807,0.01113,0.232282
1.04,10,0.2,IRRECOVERABLE,3,0.094483,-0.07554,0.170023,0.022902,2.092833
1.06,10,0.2,IRRECOVERABLE,3,0.454237,-0.265952,0.720189,0.055484,20.079888
1.08,10,0.2,IRRECOVERABLE,3,2.076964,-1.144581,3.221545,0.202876,187.772085
1.0,0,0.25,RECOVERABLE,1,0.008758,-0.007418,0.016176,0.002909,0.00455
1.02,0,0.25,RECOVERABLE,1,0.01103,-0.009717,0.020747,0.003734,0.004853
1.04,0,0.25,IRRECOVERABLE,3,0.028162,-0.022969,0.051132,0.006761,0.021855
1.06,0,0.25,IRRECOVERABLE,3,0.137218,-0.091508,0.228726,0.018792,0.254893
1.08,0,0.25,IRRECOVERABLE,3,0.703878,-0.410554,1.114432,0.089501,2.631812
1.0,1,0.25,RECOVERABLE,1,0.008758,-0.007418,0.016176,0.002909,0.00455
1.02,1,0.25,RECOVERABLE,1,0.01103,-0.009717,0.020747,0.003734,0.004853
1.04,1,0.25,IRRECOVERABLE,3,0.028162,-0.022969,0.051132,0.006761,0.021855
1.06,1,0.25,IRRECOVERABLE,3,0.137218,-0.091508,0.228726,0.018792,0.254893
1.08,1,0.25,IRRECOVERABLE,3,0.703878,-0.410554,1.114432,0.089501,2.631812
1.0,2,0.25,RECOVERABLE,1,0.017963,-0.014637,0.0326,0.005107,0.018672
1.02,2,0.25,IRRECOVERABLE,3,0.028331,-0.023734,0.052065,0.008348,0.056161
1.04,2,0.25,IRRECOVERABLE,3,0.139192,-0.106878,0.246071,0.019794,0.286949
1.06,2,0.25,IRRECOVERABLE,3,1.110386,-0.729755,1.840141,0.077474,2.011147
1.08,2,0.25,IRRECOVERABLE,3,9.522567,-5.860829,15.383396,0.453175,16.103804
1.0,3,0.25,RECOVERABLE,1,0.022379,-0.015986,0.038365,0.005992,0.009783
1.02,3,0.25,IRRECOVERABLE,3,0.041187,-0.026695,0.067883,0.010097,0.065331
1.04,3,0.25,IRRECOVERABLE,3,0.150523,-0.073949,0.224472,0.024182,0.557647
1.06,3,0.25,IRRECOVERABLE,3,0.63852,-0.304893,0.943413,0.088387,4.952958
1.08,3,0.25,IRRECOVERABLE,3,3.169772,-1.548606,4.718378,0.423427,43.567893
1.0,4,0.25,RECOVERABLE,1,0.019292,-0.018588,0.03788,0.005366,0.020935
1.02,4,0.25,IRRECOVERABLE,3,0.047097,-0.03523,0.082327,0.010257,0.100505
1.04,4,0.25,IRRECOVERABLE,3,0.179713,-0.114663,0.294376,0.027311,0.790933
1.06,4,0.25,IRRECOVERABLE,3,0.885996,-0.520487,1.406483,0.103371,7.200656
1.08,4,0.25,IRRECOVERABLE,3,5.332598,-3.008767,8.341365,0.503484,66.106528
1.0,5,0.25,RECOVERABLE,1,0.016186,-0.012935,0.029121,0.005264,0.019596
1.02,5,0.25,RECOVERABLE,1,0.029945,-0.027129,0.057074,0.009371,0.086505
1.04,5,0.25,IRRECOVERABLE,3,0.120565,-0.089578,0.210143,0.02291,0.622621
1.06,5,0.25,IRRECOVERABLE,3,0.619902,-0.392303,1.012206,0.078188,5.308488
1.08,5,0.25,IRRECOVERABLE,3,3.558323,-2.040752,5.599074,0.356201,46.685636
1.0,6,0.25,RECOVERABLE,1,0.017652,-0.017372,0.035024,0.005425,0.024162
1.02,6,0.25,IRRECOVERABLE,3,0.056685,-0.033659,0.090344,0.011687,0.101196
1.04,6,0.25,IRRECOVERABLE,3,0.284316,-0.146286,0.430602,0.032971,0.781517
1.06,6,0.25,IRRECOVERABLE,3,1.58222,-0.76537,2.34759,0.118169,7.179057
1.08,6,0.25,IRRECOVERABLE,3,9.028931,-4.678312,13.707243,0.504707,65.996156
1.0,7,0.25,RECOVERABLE,1,0.022998,-0.018069,0.041067,0.007368,0.020457
1.02,7,0.25,IRRECOVERABLE,3,0.066616,-0.047582,0.114198,0.014734,0.117503
1.04,7,0.25,IRRECOVERABLE,3,0.333535,-0.163228,0.496762,0.044743,1.00001
1.06,7,0.25,IRRECOVERABLE,3,2.163881,-1.086672,3.250554,0.205488,9.198912
1.08,7,0.25,IRRECOVERABLE,3,17.632806,-9.074817,26.707623,1.184839,83.505601
1.0,8,0.25,RECOVERABLE,1,0.013724,-0.012703,0.026427,0.005137,0.018009
1.02,8,0.25,IRRECOVERABLE,3,0.035753,-0.029827,0.065579,0.009705,0.107385
1.04,8,0.25,IRRECOVERABLE,3,0.237998,-0.132874,0.370872,0.023844,0.996246
1.06,8,0.25,IRRECOVERABLE,3,1.374285,-0.741272,2.115557,0.079525,9.415898
1.08,8,0.25,IRRECOVERABLE,3,7.579281,-4.067976,11.647257,0.335197,85.877427
1.0,9,0.25,RECOVERABLE,1,0.014684,-0.015371,0.030055,0.006441,0.034909
1.02,9,0.25,IRRECOVERABLE,3,0.042468,-0.038716,0.081184,0.012438,0.217726
1.04,9,0.25,IRRECOVERABLE,3,0.209744,-0.151536,0.36128,0.033426,1.814189
1.06,9,0.25,IRRECOVERABLE,3,1.463554,-0.875321,2.338876,0.130374,16.172058
1.08,9,0.25,IRRECOVERABLE,3,11.230829,-6.0965,17.327329,0.680515,143.625156
1.0,10,0.25,RECOVERABLE,1,0.017907,-0.013119,0.031026,0.006175,0.037922
1.02,10,0.25,IRRECOVERABLE,3,0.035783,-0.025906,0.061689,0.010689,0.217844
1.04,10,0.25,IRRECOVERABLE,3,0.100251,-0.059851,0.160102,0.020622,1.904746
1.06,10,0.25,IRRECOVERABLE,3,0.334549,-0.167065,0.501614,0.043221,18.034723
1.08,10,0.25,IRRECOVERABLE,3,1.352703,-0.850755,2.203459,0.142381,167.757774
1.0,0,0.3,RECOVERABLE,1,0.006899,-0.00662,0.013518,0.002578,0.005072
1.02,0,0.3,RECOVERABLE,1,0.007028,-0.008691,0.015719,0.003261,0.006935
1.04,0,0.3,RECOVERABLE,1,0.010268,-0.011341,0.021609,0.004538,0.015433
1.06,0,0.3,IRRECOVERABLE,3,0.038136,-0.032132,0.070268,0.009526,0.079257
1.08,0,0.3,IRRECOVERABLE,3,0.197193,-0.193579,0.390772,0.040816,0.629023
1.0,1,0.3,RECOVERABLE,1,0.006899,-0.00662,0.013518,0.002578,0.005072
1.02,1,0.3,RECOVERABLE,1,0.007028,-0.008691,0.015719,0.003261,0.006935
1.04,1,0.3,RECOVERABLE,1,0.010268,-0.011341,0.021609,0.004538,0.015433
1.06,1,0.3,IRRECOVERABLE,3,0.038136,-0.032132,0.070268,0.009526,0.079257
1.08,1,0.3,IRRECOVERABLE,3,0.197193,-0.193579,0.390772,0.040816,0.629023
1.0,2,0.3,RECOVERABLE,1,0.019547,-0.014894,0.034441,0.004762,0.014582
1.02,2,0.3,IRRECOVERABLE,3,0.026889,-0.029066,0.055955,0.007391,0.032032
1.04,2,0.3,IRRECOVERABLE,3,0.076461,-0.083203,0.159664,0.017708,0.135727
1.06,2,0.3,IRRECOVERABLE,3,0.550757,-0.437798,0.988555,0.072941,0.928001
1.08,2,0.3,IRRECOVERABLE,3,4.590281,-3.324986,7.915267,0.418611,7.584478
1.0,3,0.3,RECOVERABLE,1,0.020813,-0.014922,0.035735,0.005885,0.009936
1.02,3,0.3,IRRECOVERABLE,3,0.037953,-0.024503,0.062456,0.00967,0.059857
1.04,3,0.3,IRRECOVERABLE,3,0.115682,-0.058798,0.17448,0.021787,0.475113
1.06,3,0.3,IRRECOVERABLE,3,0.466545,-0.22012,0.686665,0.074745,4.045826
1.08,3,0.3,IRRECOVERABLE,3,1.97619,-1.020657,2.996847,0.345005,34.745134
1.0,4,0.3,RECOVERABLE,1,0.018008,-0.017316,0.035324,0.005166,0.018151
1.02,4,0.3,IRRECOVERABLE,3,0.046854,-0.032969,0.079823,0.010006,0.078154
1.04,4,0.3,IRRECOVERABLE,3,0.180181,-0.115089,0.295269,0.027692,0.558949
1.06,4,0.3,IRRECOVERABLE,3,0.874601,-0.515611,1.390213,0.109198,4.854442
1.08,4,0.3,IRRECOVERABLE,3,5.180259,-2.856579,8.036838,0.555556,43.662636
1.0,5,0.3,RECOVERABLE,1,0.016376,-0.013024,0.0294,0.005118,0.017716
1.02,5,0.3,RECOVERABLE,1,0.022184,-0.026014,0.048199,0.008869,0.071767
1.04,5,0.3,IRRECOVERABLE,3,0.093549,-0.078258,0.171807,0.021221,0.486689
1.06,5,0.3,IRRECOVERABLE,3,0.430385,-0.28276,0.713145,0.071185,4.031847
1.08,5,0.3,IRRECOVERABLE,3,2.485006,-1.448215,3.933221,0.299082,35.020444
1.0,6,0.3,RECOVERABLE,1,0.016606,-0.016841,0.033447,0.005268,0.023865
1.02,6,0.3,IRRECOVERABLE,3,0.0552,-0.032452,0.087653,0.011166,0.096071
1.04,6,0.3,IRRECOVERABLE,3,0.272454,-0.13937,0.411824,0.031011,0.722398
1.06,6,0.3,IRRECOVERABLE,3,1.50238,-0.727127,2.229507,0.10996,6.579921
1.08,6,0.3,IRRECOVERABLE,3,8.531237,-4.426465,12.957701,0.467444,60.348053
1.0,7,0.3,RECOVERABLE,1,0.023807,-0.016941,0.040748,0.007357,0.020627
1.02,7,0.3,IRRECOVERABLE,3,0.059894,-0.044219,0.104113,0.014459,0.109518
1.04,7,0.3,IRRECOVERABLE,3,0.287244,-0.138014,0.425258,0.041895,0.878231
1.06,7,0.3,IRRECOVERABLE,3,1.841007,-0.927646,2.768653,0.182122,7.83145
1.08,7,0.3,IRRECOVERABLE,3,14.844233,-7.654871,22.499104,1.008153,69.828013
1.0,8,0.3,RECOVERABLE,1,0.013724,-0.012703,0.026427,0.005144,0.017748
1.02,8,0.3,IRRECOVERABLE,3,0.043071,-0.030234,0.073306,0.009939,0.103166
1.04,8,0.3,IRRECOVERABLE,3,0.275552,-0.152271,0.427822,0.025097,0.954602
1.06,8,0.3,IRRECOVERABLE,3,1.583628,-0.852392,2.436021,0.086567,9.029686
1.08,8,0.3,IRRECOVERABLE,3,8.756873,-4.70907,13.465944,0.375431,82.439591
1.0,9,0.3,RECOVERABLE,1,0.015495,-0.015642,0.031137,0.00612,0.030437
1.02,9,0.3,IRRECOVERABLE,3,0.048469,-0.041437,0.089906,0.011694,0.18189
1.04,9,0.3,IRRECOVERABLE,3,0.256163,-0.174982,0.431145,0.033121,1.508862
1.06,9,0.3,IRRECOVERABLE,3,1.818897,-1.065261,2.884158,0.139697,13.530907
1.08,9,0.3,IRRECOVERABLE,3,13.863336,-7.569867,21.433203,0.769842,120.990585
1.0,10,0.3,RECOVERABLE,1,0.020391,-0.014203,0.034594,0.006359,0.040807
1.02,10,0.3,IRRECOVERABLE,3,0.070418,-0.036546,0.106964,0.011811,0.211826
1.04,10,0.3,IRRECOVERABLE,3,0.360593,-0.183156,0.543749,0.030758,1.658928
1.06,10,0.3,IRRECOVERABLE,3,2.209935,-1.145905,3.35584,0.116366,14.750548
1.08,10,0.3,IRRECOVERABLE,3,14.13236,-7.45624,21.5886,0.585273,132.93919
1.0,0,0.35,RECOVERABLE,1,0.006347,-0.005826,0.012173,0.002393,0.005234
1.02,0,0.35,RECOVERABLE,1,0.007005,-0.006283,0.013288,0.002998,0.007005
1.04,0,0.35,RECOVERABLE,1,0.009818,-0.009955,0.019773,0.004223,0.012448
1.06,0,0.35,RECOVERABLE,1,0.023781,-0.023883,0.047664,0.007602,0.039779
1.08,0,0.35,IRRECOVERABLE,3,0.113671,-0.083096,0.196768,0.022151,0.229194
1.0,1,0.35,RECOVERABLE,1,0.006347,-0.005826,0.012173,0.002393,0.005234
1.02,1,0.35,RECOVERABLE,1,0.007005,-0.006283,0.013288,0.002998,0.007005
1.04,1,0.35,RECOVERABLE,1,0.009818,-0.009955,0.019773,0.004223,0.012448
1.06,1,0.35,RECOVERABLE,1,0.023781,-0.023883,0.047664,0.007602,0.039779
1.08,1,0.35,IRRECOVERABLE,3,0.113671,-0.083096,0.196768,0.022151,0.229194
1.0,2,0.35,RECOVERABLE,1,0.017698,-0.013259,0.030957,0.004164,0.009191
1.02,2,0.35,RECOVERABLE,1,0.018663,-0.019987,0.03865,0.005894,0.019349
1.04,2,0.35,IRRECOVERABLE,3,0.055399,-0.056803,0.112202,0.013338,0.097336
1.06,2,0.35,IRRECOVERABLE,3,0.368482,-0.292408,0.66089,0.056003,0.784783
1.08,2,0.35,IRRECOVERABLE,3,3.478526,-2.427158,5.905684,0.329962,6.931558
1.0,3,0.35,RECOVERABLE,1,0.018401,-0.01649,0.034891,0.005512,0.008741
1.02,3,0.35,IRRECOVERABLE,3,0.033466,-0.022222,0.055688,0.008613,0.048711
1.04,3,0.35,IRRECOVERABLE,3,0.076549,-0.051492,0.128041,0.01799,0.370096
1.06,3,0.35,IRRECOVERABLE,3,0.301139,-0.165455,0.466593,0.056085,3.103141
1.08,3,0.35,IRRECOVERABLE,3,1.274591,-1.225324,2.499914,0.247831,26.584005
1.0,4,0.35,RECOVERABLE,1,0.019283,-0.017338,0.036621,0.004848,0.015906
1.02,4,0.35,IRRECOVERABLE,3,0.034703,-0.028119,0.062822,0.008996,0.060041
1.04,4,0.35,IRRECOVERABLE,3,0.124213,-0.082595,0.206808,0.02407,0.388406
1.06,4,0.35,IRRECOVERABLE,3,0.649596,-0.401073,1.050669,0.091594,3.238052
1.08,4,0.35,IRRECOVERABLE,3,4.983832,-2.79119,7.775022,0.454445,28.827048
1.0,5,0.35,RECOVERABLE,1,0.014129,-0.01124,0.025369,0.00468,0.015424
1.02,5,0.35,RECOVERABLE,1,0.02113,-0.022926,0.044056,0.008059,0.060896
1.04,5,0.35,IRRECOVERABLE,3,0.083312,-0.068653,0.151965,0.019263,0.418586
1.06,5,0.35,IRRECOVERABLE,3,0.409551,-0.270388,0.679939,0.063878,3.54299
1.08,5,0.35,IRRECOVERABLE,3,2.360486,-1.381562,3.742048,0.263025,31.297738
1.0,6,0.35,RECOVERABLE,1,0.01518,-0.014108,0.029288,0.004551,0.022453
1.02,6,0.35,IRRECOVERABLE,3,0.045194,-0.025527,0.070721,0.009434,0.073546
1.04,6,0.35,IRRECOVERABLE,3,0.201596,-0.103508,0.305104,0.026679,0.464311
1.06,6,0.35,IRRECOVERABLE,3,1.03743,-0.502532,1.539962,0.099611,3.943991
1.08,6,0.35,IRRECOVERABLE,3,5.6348,-2.90249,8.53729,0.46008,35.232163
1.0,7,0.35,RECOVERABLE,1,0.020999,-0.016632,0.037631,0.007063,0.019504
1.02,7,0.35,IRRECOVERABLE,3,0.054206,-0.038836,0.093043,0.013636,0.094793
1.04,7,0.35,IRRECOVERABLE,3,0.268014,-0.129408,0.397422,0.03938,0.704099
1.06,7,0.35,IRRECOVERABLE,3,1.852972,-0.938174,2.791146,0.175616,6.014014
1.08,7,0.35,IRRECOVERABLE,3,15.125224,-7.949908,23.075132,0.995856,52.504871
1.0,8,0.35,RECOVERABLE,1,0.013422,-0.012198,0.02562,0.004773,0.015045
1.02,8,0.35,IRRECOVERABLE,3,0.044973,-0.03133,0.076304,0.009658,0.06076
1.04,8,0.35,IRRECOVERABLE,3,0.180929,-0.108401,0.289331,0.027349,0.509444
1.06,8,0.35,IRRECOVERABLE,3,0.968526,-0.506992,1.475518,0.106926,4.836765
1.08,8,0.35,IRRECOVERABLE,3,7.147573,-3.486654,10.634227,0.538293,44.910752
1.0,9,0.35,RECOVERABLE,1,0.015639,-0.015832,0.031471,0.005756,0.030028
1.02,9,0.35,IRRECOVERABLE,3,0.050837,-0.04282,0.093657,0.010749,0.17485
1.04,9,0.35,IRRECOVERABLE,3,0.260982,-0.177782,0.438764,0.029076,1.413119
1.06,9,0.35,IRRECOVERABLE,3,1.777764,-1.044918,2.822682,0.11903,12.478966
1.08,9,0.35,IRRECOVERABLE,3,13.245283,-7.257078,20.502361,0.651852,110.68859
1.0,10,0.35,RECOVERABLE,1,0.019656,-0.014278,0.033934,0.006151,0.039755
1.02,10,0.35,IRRECOVERABLE,3,0.062134,-0.032737,0.094871,0.011106,0.197159
1.04,10,0.35,IRRECOVERABLE,3,0.294271,-0.149723,0.443994,0.027331,1.496675
1.06,10,0.35,IRRECOVERABLE,3,1.737567,-0.898564,2.636131,0.097837,13.121983
1.08,10,0.35,IRRECOVERABLE,3,10.969115,-5.764035,16.73315,0.470945,117.543917
1.0,0,0.4,RECOVERABLE,1,0.007717,-0.007281,0.014998,0.002294,0.003997
1.02,0,0.4,RECOVERABLE,1,0.007879,-0.00752,0.015399,0.002782,0.005072
1.04,0,0.4,RECOVERABLE,1,0.009542,-0.009346,0.018888,0.003694,0.008246
1.06,0,0.4,RECOVERABLE,1,0.018927,-0.020393,0.03932,0.005996,0.022877
1.08,0,0.4,IRRECOVERABLE,3,0.056845,-0.064025,0.12087,0.014144,0.116321
1.0,1,0.4,RECOVERABLE,1,0.007717,-0.007281,0.014998,0.002294,0.003997
1.02,1,0.4,RECOVERABLE,1,0.007879,-0.00752,0.015399,0.002782,0.005072
1.04,1,0.4,RECOVERABLE,1,0.009542,-0.009346,0.018888,0.003694,0.008246
1.06,1,0.4,RECOVERABLE,1,0.018927,-0.020393,0.03932,0.005996,0.022877
1.08,1,0.4,IRRECOVERABLE,3,0.056845,-0.064025,0.12087,0.014144,0.116321
1.0,2,0.4,RECOVERABLE,1,0.017698,-0.013259,0.030957,0.004217,0.009026
1.02,2,0.4,RECOVERABLE,1,0.018663,-0.019459,0.038122,0.005982,0.018446
1.04,2,0.4,IRRECOVERABLE,3,0.054185,-0.058395,0.112581,0.013399,0.096724
1.06,2,0.4,IRRECOVERABLE,3,0.402309,-0.300977,0.703286,0.055885,0.817766
1.08,2,0.4,IRRECOVERABLE,3,3.818443,-2.552994,6.371437,0.337074,7.394823
1.0,3,0.4,RECOVERABLE,1,0.016784,-0.014594,0.031378,0.005205,0.007214
1.02,3,0.4,RECOVERABLE,1,0.030146,-0.021085,0.051231,0.008025,0.03947
1.04,3,0.4,IRRECOVERABLE,3,0.060432,-0.044246,0.104678,0.016477,0.298657
1.06,3,0.4,IRRECOVERABLE,3,0.230487,-0.128203,0.358691,0.048717,2.49803
1.08,3,0.4,IRRECOVERABLE,3,0.956999,-0.792829,1.749828,0.200875,21.388993
1.0,4,0.4,RECOVERABLE,1,0.018289,-0.015179,0.033467,0.004711,0.016082
1.02,4,0.4,IRRECOVERABLE,3,0.030369,-0.023091,0.05346,0.008996,0.059374
1.04,4,0.4,IRRECOVERABLE,3,0.110786,-0.081109,0.191896,0.02366,0.36877
1.06,4,0.4,IRRECOVERABLE,3,0.737791,-0.454899,1.192691,0.088332,2.99789
1.08,4,0.4,IRRECOVERABLE,3,5.718771,-3.214867,8.933637,0.443011,26.446529
1.0,5,0.4,RECOVERABLE,1,0.014129,-0.01124,0.025369,0.004382,0.016333
1.02,5,0.4,RECOVERABLE,1,0.01953,-0.020225,0.039755,0.007478,0.065534
1.04,5,0.4,IRRECOVERABLE,3,0.074156,-0.061691,0.135847,0.017646,0.440229
1.06,5,0.4,IRRECOVERABLE,3,0.370949,-0.25126,0.622209,0.055299,3.679385
1.08,5,0.4,IRRECOVERABLE,3,2.099336,-1.241919,3.341255,0.218952,32.513505
1.0,6,0.4,RECOVERABLE,1,0.016496,-0.013812,0.030308,0.004758,0.023286
1.02,6,0.4,IRRECOVERABLE,3,0.04557,-0.025272,0.070842,0.009582,0.075348
1.04,6,0.4,IRRECOVERABLE,3,0.201222,-0.104062,0.305284,0.026503,0.449353
1.06,6,0.4,IRRECOVERABLE,3,1.028817,-0.500659,1.529477,0.097479,3.638451
1.08,6,0.4,IRRECOVERABLE,3,5.568065,-2.875272,8.443336,0.446974,31.628511
1.0,7,0.4,RECOVERABLE,1,0.021898,-0.016467,0.038365,0.007009,0.020887
1.02,7,0.4,IRRECOVERABLE,3,0.053331,-0.039036,0.092366,0.013443,0.102512
1.04,7,0.4,IRRECOVERABLE,3,0.256798,-0.123926,0.380724,0.037685,0.743585
1.06,7,0.4,IRRECOVERABLE,3,1.492719,-0.738575,2.231294,0.158513,6.208449
1.08,7,0.4,IRRECOVERABLE,3,11.830031,-6.11092,17.940951,0.857289,53.48806
1.0,8,0.4,RECOVERABLE,1,0.013422,-0.012198,0.02562,0.004773,0.015045
1.02,8,0.4,IRRECOVERABLE,3,0.044973,-0.03133,0.076304,0.009658,0.06076
1.04,8,0.4,IRRECOVERABLE,3,0.180929,-0.108401,0.289331,0.027349,0.509444
1.06,8,0.4,IRRECOVERABLE,3,0.968526,-0.506992,1.475518,0.106926,4.836765
1.08,8,0.4,IRRECOVERABLE,3,7.147573,-3.486654,10.634227,0.538293,44.910752
1.0,9,0.4,RECOVERABLE,1,0.015378,-0.01595,0.031328,0.005495,0.030075
1.02,9,0.4,IRRECOVERABLE,3,0.0561,-0.046039,0.102139,0.010317,0.164071
1.04,9,0.4,IRRECOVERABLE,3,0.332443,-0.216303,0.548747,0.029173,1.260393
1.06,9,0.4,IRRECOVERABLE,3,2.400361,-1.380838,3.7812,0.130244,10.888704
1.08,9,0.4,IRRECOVERABLE,3,17.974027,-9.863554,27.837581,0.764666,95.83044
1.0,10,0.4,RECOVERABLE,1,0.01917,-0.014539,0.033709,0.006228,0.038784
1.02,10,0.4,IRRECOVERABLE,3,0.055094,-0.030947,0.086041,0.011164,0.182955
1.04,10,0.4,IRRECOVERABLE,3,0.236714,-0.120632,0.357347,0.027046,1.3406
1.06,10,0.4,IRRECOVERABLE,3,1.328108,-0.684061,2.012169,0.092906,11.56896
1.08,10,0.4,IRRECOVERABLE,3,8.224988,-4.297092,12.52208,0.421598,102.901959
1.0,0,0.45,RECOVERABLE,1,0.007717,-0.007281,0.014998,0.002009,0.00418
1.02,0,0.45,RECOVERABLE,1,0.007879,-0.00752,0.015399,0.002273,0.005048
1.04,0,0.45,RECOVERABLE,1,0.008038,-0.007733,0.015771,0.002716,0.006982
1.06,0,0.45,RECOVERABLE,1,0.011315,-0.012992,0.024307,0.003623,0.013297
1.08,0,0.45,IRRECOVERABLE,3,0.022979,-0.030261,0.05324,0.006093,0.043361
1.0,1,0.45,RECOVERABLE,1,0.007717,-0.007281,0.014998,0.002009,0.00418
1.02,1,0.45,RECOVERABLE,1,0.007879,-0.00752,0.015399,0.002273,0.005048
1.04,1,0.45,RECOVERABLE,1,0.008038,-0.007733,0.015771,0.002716,0.006982
1.06,1,0.45,RECOVERABLE,1,0.011315,-0.012992,0.024307,0.003623,0.013297
1.08,1,0.45,IRRECOVERABLE,3,0.022979,-0.030261,0.05324,0.006093,0.043361
1.0,2,0.45,RECOVERABLE,1,0.017698,-0.013259,0.030957,0.003855,0.006608
1.02,2,0.45,RECOVERABLE,1,0.018663,-0.014334,0.032997,0.005346,0.010388
1.04,2,0.45,IRRECOVERABLE,3,0.05185,-0.042602,0.094451,0.010776,0.051868
1.06,2,0.45,IRRECOVERABLE,3,0.397501,-0.248945,0.646446,0.044846,0.491549
1.08,2,0.45,IRRECOVERABLE,3,3.899965,-2.174803,6.074768,0.289701,4.765835
1.0,3,0.45,RECOVERABLE,1,0.016481,-0.016488,0.032969,0.005327,0.007046
1.02,3,0.45,RECOVERABLE,1,0.026727,-0.020126,0.046854,0.008224,0.038565
1.04,3,0.45,IRRECOVERABLE,3,0.052609,-0.041012,0.093621,0.016526,0.287979
1.06,3,0.45,IRRECOVERABLE,3,0.197166,-0.125639,0.322806,0.046942,2.373742
1.08,3,0.45,IRRECOVERABLE,3,0.967786,-0.554657,1.522443,0.179999,20.108287
1.0,4,0.45,RECOVERABLE,1,0.018277,-0.015714,0.033991,0.004127,0.01442
1.02,4,0.45,IRRECOVERABLE,3,0.029742,-0.023862,0.053605,0.007734,0.049875
1.04,4,0.45,IRRECOVERABLE,3,0.089756,-0.059441,0.149197,0.019459,0.294778
1.06,4,0.45,IRRECOVERABLE,3,0.414732,-0.26251,0.677242,0.067771,2.334755
1.08,4,0.45,IRRECOVERABLE,3,2.968031,-1.705784,4.673815,0.311447,20.344744
1.0,5,0.45,RECOVERABLE,1,0.014129,-0.01124,0.025369,0.004397,0.01547
1.02,5,0.45,RECOVERABLE,1,0.020455,-0.020667,0.041122,0.007561,0.062476
1.04,5,0.45,IRRECOVERABLE,3,0.078204,-0.063645,0.141849,0.017784,0.42546
1.06,5,0.45,IRRECOVERABLE,3,0.389889,-0.260908,0.650798,0.055244,3.586358
1.08,5,0.45,IRRECOVERABLE,3,2.201013,-1.296838,3.497851,0.212757,31.818515
1.0,6,0.45,RECOVERABLE,1,0.015719,-0.013018,0.028737,0.004876,0.030495
1.02,6,0.45,IRRECOVERABLE,3,0.036764,-0.023476,0.06024,0.00877,0.112936
1.04,6,0.45,IRRECOVERABLE,3,0.154469,-0.077883,0.232352,0.022534,0.630898
1.06,6,0.45,IRRECOVERABLE,3,0.76293,-0.36575,1.12868,0.077626,4.462082
1.08,6,0.45,IRRECOVERABLE,3,4.039243,-2.013305,6.052548,0.339672,34.970885
1.0,7,0.45,RECOVERABLE,1,0.022339,-0.019169,0.041507,0.007175,0.024195
1.02,7,0.45,IRRECOVERABLE,3,0.049891,-0.035834,0.085724,0.013461,0.119871
1.04,7,0.45,IRRECOVERABLE,3,0.245722,-0.116625,0.362348,0.036544,0.832932
1.06,7,0.45,IRRECOVERABLE,3,1.398475,-0.705584,2.104059,0.149879,6.698761
1.08,7,0.45,IRRECOVERABLE,3,10.725723,-5.457909,16.183633,0.802526,56.448067
1.0,8,0.45,RECOVERABLE,1,0.013028,-0.012214,0.025243,0.004797,0.015059
1.02,8,0.45,IRRECOVERABLE,3,0.045254,-0.031463,0.076717,0.009719,0.061183
1.04,8,0.45,IRRECOVERABLE,3,0.182242,-0.109024,0.291265,0.027569,0.513356
1.06,8,0.45,IRRECOVERABLE,3,0.972055,-0.508065,1.48012,0.107709,4.866383
1.08,8,0.45,IRRECOVERABLE,3,7.16894,-3.498941,10.667881,0.541425,45.117394
1.0,9,0.45,RECOVERABLE,1,0.01342,-0.014271,0.027691,0.005196,0.02389
1.02,9,0.45,IRRECOVERABLE,3,0.045251,-0.038282,0.083533,0.009708,0.129542
1.04,9,0.45,IRRECOVERABLE,3,0.261606,-0.174433,0.43604,0.026672,1.003092
1.06,9,0.45,IRRECOVERABLE,3,1.89483,-1.101658,2.996488,0.115652,8.726269
1.08,9,0.45,IRRECOVERABLE,3,14.277093,-7.863917,22.14101,0.657717,77.100045
1.0,10,0.45,RECOVERABLE,1,0.020751,-0.014447,0.035197,0.006151,0.039416
1.02,10,0.45,IRRECOVERABLE,3,0.050484,-0.030579,0.081062,0.01078,0.179162
1.04,10,0.45,IRRECOVERABLE,3,0.203369,-0.105623,0.308992,0.025524,1.256132
1.06,10,0.45,IRRECOVERABLE,3,1.090904,-0.564047,1.654951,0.083254,10.535557
1.08,10,0.45,IRRECOVERABLE,3,6.609321,-3.444985,10.054306,0.36057,92.263123
1.0,0,0.5,RECOVERABLE,1,0.007717,-0.007281,0.014998,0.001975,0.003085
1.02,0,0.5,RECOVERABLE,1,0.007879,-0.00752,0.015399,0.002151,0.003557
1.04,0,0.5,RECOVERABLE,1,0.008038,-0.007733,0.015771,0.00248,0.004633
1.06,0,0.5,RECOVERABLE,1,0.011875,-0.011286,0.023161,0.003234,0.00818
1.08,0,0.5,RECOVERABLE,1,0.021485,-0.021905,0.04339,0.005112,0.024794
1.0,1,0.5,RECOVERABLE,1,0.007717,-0.007281,0.014998,0.001975,0.003085
1.02,1,0.5,RECOVERABLE,1,0.007879,-0.00752,0.015399,0.002151,0.003557
1.04,1,0.5,RECOVERABLE,1,0.008038,-0.007733,0.015771,0.00248,0.004633
1.06,1,0.5,RECOVERABLE,1,0.011875,-0.011286,0.023161,0.003234,0.00818
1.08,1,0.5,RECOVERABLE,1,0.021485,-0.021905,0.04339,0.005112,0.024794
1.0,2,0.5,RECOVERABLE,1,0.017698,-0.013259,0.030957,0.003745,0.005803
1.02,2,0.5,RECOVERABLE,1,0.018663,-0.014334,0.032997,0.004879,0.007492
1.04,2,0.5,RECOVERABLE,1,0.025876,-0.025749,0.051624,0.008339,0.028207
1.06,2,0.5,IRRECOVERABLE,3,0.163163,-0.129967,0.293129,0.028807,0.240059
1.08,2,0.5,IRRECOVERABLE,3,1.548465,-0.817775,2.366239,0.157711,2.162138
1.0,3,0.5,RECOVERABLE,1,0.016481,-0.016488,0.032969,0.005493,0.005938
1.02,3,0.5,RECOVERABLE,1,0.021661,-0.019648,0.041309,0.008838,0.027006
1.04,3,0.5,IRRECOVERABLE,3,0.109011,-0.062342,0.171353,0.020331,0.185184
1.06,3,0.5,IRRECOVERABLE,3,0.885435,-0.48159,1.367025,0.077097,1.488403
1.08,3,0.5,IRRECOVERABLE,3,7.112311,-3.851401,10.963713,0.428745,12.590122
1.0,4,0.5,RECOVERABLE,1,0.01934,-0.016371,0.035712,0.004261,0.015344
1.02,4,0.5,IRRECOVERABLE,3,0.031972,-0.025165,0.057136,0.00802,0.053871
1.04,4,0.5,IRRECOVERABLE,3,0.068508,-0.053085,0.121594,0.020127,0.314102
1.06,4,0.5,IRRECOVERABLE,3,0.43764,-0.279344,0.716984,0.07016,2.421479
1.08,4,0.5,IRRECOVERABLE,3,3.375043,-1.912686,5.287729,0.323537,20.624345
1.0,5,0.5,RECOVERABLE,1,0.014129,-0.01124,0.025369,0.004455,0.013457
1.02,5,0.5,RECOVERABLE,1,0.022389,-0.020992,0.043381,0.007671,0.052728
1.04,5,0.5,IRRECOVERABLE,3,0.086262,-0.066184,0.152446,0.018524,0.355887
1.06,5,0.5,IRRECOVERABLE,3,0.427133,-0.276424,0.703557,0.063714,2.958983
1.08,5,0.5,IRRECOVERABLE,3,2.377622,-1.385882,3.763504,0.270898,25.770362
1.0,6,0.5,RECOVERABLE,1,0.015674,-0.012966,0.028641,0.004871,0.030386
1.02,6,0.5,IRRECOVERABLE,3,0.036496,-0.023371,0.059867,0.00875,0.112257
1.04,6,0.5,IRRECOVERABLE,3,0.153228,-0.0773,0.230528,0.02244,0.626149
1.06,6,0.5,IRRECOVERABLE,3,0.756661,-0.362846,1.119507,0.077183,4.426458
1.08,6,0.5,IRRECOVERABLE,3,4.006489,-1.996221,6.00271,0.337476,34.695627
1.0,7,0.5,RECOVERABLE,1,0.022314,-0.019169,0.041483,0.00743,0.025533
1.02,7,0.5,IRRECOVERABLE,3,0.048695,-0.038926,0.087621,0.013788,0.118426
1.04,7,0.5,IRRECOVERABLE,3,0.191266,-0.121575,0.312841,0.036215,0.789969
1.06,7,0.5,IRRECOVERABLE,3,1.263084,-0.617915,1.880998,0.142778,6.260504
1.08,7,0.5,IRRECOVERABLE,3,9.698171,-4.976839,14.67501,0.738012,52.627787
1.0,8,0.5,RECOVERABLE,1,0.013028,-0.012214,0.025243,0.004793,0.0147
1.02,8,0.5,IRRECOVERABLE,3,0.045254,-0.031463,0.076717,0.009684,0.064158
1.04,8,0.5,IRRECOVERABLE,3,0.182242,-0.109024,0.291265,0.026937,0.541508
1.06,8,0.5,IRRECOVERABLE,3,0.982796,-0.513611,1.496407,0.104449,5.072186
1.08,8,0.5,IRRECOVERABLE,3,7.216824,-3.514408,10.731231,0.52872,46.330797
1.0,9,0.5,RECOVERABLE,1,0.015467,-0.014271,0.029739,0.00536,0.018044
1.02,9,0.5,IRRECOVERABLE,3,0.053902,-0.040431,0.094333,0.010335,0.090269
1.04,9,0.5,IRRECOVERABLE,3,0.306411,-0.192181,0.498592,0.030471,0.687979
1.06,9,0.5,IRRECOVERABLE,3,2.104161,-1.201024,3.305185,0.133216,6.031708
1.08,9,0.5,IRRECOVERABLE,3,15.110927,-8.327161,23.438088,0.742517,53.861163
1.0,10,0.5,RECOVERABLE,1,0.020594,-0.01469,0.035285,0.006264,0.040984
1.02,10,0.5,IRRECOVERABLE,3,0.054537,-0.031088,0.085624,0.011043,0.186599
1.04,10,0.5,IRRECOVERABLE,3,0.217143,-0.113252,0.330395,0.026088,1.300345
1.06,10,0.5,IRRECOVERABLE,3,1.1507,-0.596536,1.747236,0.08528,10.847049
1.08,10,0.5,IRRECOVERABLE,3,6.918122,-3.611594,10.529716,0.370748,94.686832
